{"cameraMode":{"drawMode":0,"name":"Shaded","section":"Shading Mode"},"sceneLighting":true,"audioPlay":false,"sceneViewState":{"showFog":true,"showMaterialUpdate":false,"showSkybox":true,"showFlares":true,"showImageEffects":true,"showParticleSystems":true},"in2DMode":false,"pivot":{"x":35.256080627441409,"y":0.956912100315094,"z":43.11418914794922},"rotation":{"x":-0.13844448328018189,"y":-0.8535858988761902,"z":0.4126559793949127,"w":-0.2863854765892029},"size":3.596985101699829,"orthographic":false}