{"cameraMode":{"drawMode":0,"name":"Shaded","section":"Shading Mode"},"sceneLighting":true,"audioPlay":false,"sceneViewState":{"showFog":true,"showMaterialUpdate":false,"showSkybox":true,"showFlares":true,"showImageEffects":true,"showParticleSystems":true},"in2DMode":false,"pivot":{"x":54.289337158203128,"y":-8.93575668334961,"z":57.80424118041992},"rotation":{"x":-0.04904283583164215,"y":-0.9475345611572266,"z":0.26102206110954287,"w":-0.178014874458313},"size":22.434757232666017,"orthographic":false}