{"cameraMode":{"drawMode":0,"name":"Shaded","section":"Shading Mode"},"sceneLighting":true,"audioPlay":false,"sceneViewState":{"showFog":true,"showMaterialUpdate":false,"showSkybox":true,"showFlares":true,"showImageEffects":true,"showParticleSystems":true},"in2DMode":false,"pivot":{"x":60.16272735595703,"y":1.2418252229690552,"z":70.23661804199219},"rotation":{"x":0.014255777932703495,"y":-0.8932640552520752,"z":0.028430316597223283,"w":0.44847196340560915},"size":3.4191579818725588,"orthographic":false}